time_yr;rp1
5;0.780000001
10;0.880734497
50;1.114632753
100;1.21536725
250;1.34853101
500;1.449265506
1000;1.550000002
5000;1.783898259
10000;1.884632755
