time_yr;rp1;rp2;rp3
1;16.5;22;33
5;25;33.33333333;50
10;32.5;43.33333333;65
50;40;53.33333333;80
100;46;61.33333333;92
250;52.5;70;105
500;58;77.33333333;116
1000;62.5;83.33333333;125
