intensity;frag_PV;frag_Battery;frag_subsHTA;frag_subsHTB
0.1;0;0;0;0
0.2;0;0;0;0
0.3;0;0;0;0
0.4;0;0;0;0
0.5;0;0.1;0;0
0.6;0;0.19;0.3;0
0.7;0;0.28;0.35;0
0.8;0.1;0.37;0.4;0
0.9;0.228571429;0.46;0.45;0
1;0.357142857;0.55;0.5;0
1.1;0.485714286;0.64;0.55;0
1.2;0.614285714;0.73;0.6;0
1.3;0.742857143;0.82;0.65;0
1.4;0.871428571;0.91;0.7;0
1.5;1;1;0.75;0
1.6;1;1;0.8;0
1.7;1;1;0.85;0
1.8;1;1;0.9;0
1.9;1;1;0.95;0
2;1;1;1;0
2.1;1;1;1;1
