intensity;tower_type1;tower_type2;dummy
0;0.0000002;0.148;0
10;0.0000013;0.955;0
20;0.0000083;6.17;0
30;0.0000539;0.000398368;0
40;0.0003483;0.002573396;0
50;0.0022498;0.016623729;0
60;0.0145332;0.107386665;0
70;0.0938822;0.693700896;0
