intensity;tower_type1;tower_type2
0;0.0000002;1.47781E-06
10;0.0000013;9.54643E-06
20;0.0000083;6.16684E-05
30;0.0000539;0.000398368
40;0.0003483;0.002573396
50;0.0022498;0.016623729
60;0.0145332;0.107386665
70;0.0938822;0.693700896
